<?xml version="1.0" encoding="UTF-8"?>
<!DOCTYPE suite SYSTEM "http://testng.org/testng-1.0.dtd">
<suite name="Sanity Suite">
    <parameter name="BaseURI" value="https://reqres.in/"/>
    <parameter name="UserName" value="TestUser" />
    <parameter name="UserPass" value="Qwer12" />
    <test name="Sanity test">
        <classes>
            <class name="suites.users.CRUD">
                <methods>
                    <include name="createUser"/>
                   <include name="readUser"/>
               <!--     <include name="updateUser"/>
                    <include name="deleteUser"/> -->
                </methods>
            </class>
        </classes>
    </test>
</suite>
